<?xml version="1.0" encoding="UTF-8"?><!--
        *** GENERATED FROM jax-ws.xml - DO NOT EDIT !                             ***
        *** TO MODIFY wsimport options USE Web Service node -> Edit WS Attributes ***
        *** TO CHANGE TARGETS GENERATED TO jaxws-build.xml COPY THOSE             ***
        *** TARGETS TO ../build.xml AND MODIFY THAT FILE INSTEAD                  ***

        --><project xmlns:xalan="http://xml.apache.org/xslt" xmlns:j2seproject3="http://www.netbeans.org/ns/j2se-project/3" xmlns:jaxws="http://www.netbeans.org/ns/jax-ws/1">
    <!--
                ===================
                JAX-WS WSIMPORT SECTION
                ===================
            -->
    <target name="wsimport-init" depends="init">
        <mkdir dir="${build.generated.sources.dir}/jax-ws"/>
        <taskdef name="wsimport" classname="com.sun.tools.ws.ant.WsImport">
            <classpath path="${libs.jaxws21.classpath}"/>
        </taskdef>
    </target>
    <target name="wsimport-client-BankCustomerService" depends="wsimport-init">
        <mkdir dir="${build.generated.dir}/jax-wsCache/BankCustomerService"/>
        <property name="wsdl-BankCustomerService" location="xml-resources/web-service-references/BankCustomerService/wsdl/localhost_8080/Bank_Ws/BankCustomerService.wsdl"/>
        <wsimport sourcedestdir="${build.generated.dir}/jax-wsCache/BankCustomerService" destdir="${build.generated.dir}/jax-wsCache/BankCustomerService" wsdl="${wsdl-BankCustomerService}" catalog="catalog.xml" encoding="${source.encoding}" extension="true" verbose="true" fork="false" wsdlLocation="http://localhost:8080/Bank_Ws/BankCustomerService?wsdl" xnocompile="true" xendorsed="true">
            <depends file="${wsdl-BankCustomerService}"/>
            <produces dir="${build.generated.dir}/jax-wsCache/BankCustomerService"/>
        </wsimport>
        <copy todir="${build.generated.sources.dir}/jax-ws">
            <fileset dir="${build.generated.dir}/jax-wsCache/BankCustomerService">
                <include name="**/*.java"/>
            </fileset>
        </copy>
    </target>
    <target name="wsimport-client-clean-BankCustomerService" depends="-init-project">
        <delete dir="${build.generated.dir}/jax-wsCache/BankCustomerService"/>
        <delete dir="${build.generated.sources.dir}/jax-ws/bankcustomer"/>
    </target>
    <target name="wsimport-client-BankEmployeeService" depends="wsimport-init">
        <mkdir dir="${build.generated.dir}/jax-wsCache/BankEmployeeService"/>
        <property name="wsdl-BankEmployeeService" location="xml-resources/web-service-references/BankEmployeeService/wsdl/localhost_8080/Bank_Ws/BankEmployeeService.wsdl"/>
        <wsimport sourcedestdir="${build.generated.dir}/jax-wsCache/BankEmployeeService" destdir="${build.generated.dir}/jax-wsCache/BankEmployeeService" wsdl="${wsdl-BankEmployeeService}" catalog="catalog.xml" encoding="${source.encoding}" extension="true" verbose="true" fork="false" wsdlLocation="http://localhost:8080/Bank_Ws/BankEmployeeService?wsdl" xnocompile="true" xendorsed="true">
            <depends file="${wsdl-BankEmployeeService}"/>
            <produces dir="${build.generated.dir}/jax-wsCache/BankEmployeeService"/>
        </wsimport>
        <copy todir="${build.generated.sources.dir}/jax-ws">
            <fileset dir="${build.generated.dir}/jax-wsCache/BankEmployeeService">
                <include name="**/*.java"/>
            </fileset>
        </copy>
    </target>
    <target name="wsimport-client-clean-BankEmployeeService" depends="-init-project">
        <delete dir="${build.generated.dir}/jax-wsCache/BankEmployeeService"/>
        <delete dir="${build.generated.sources.dir}/jax-ws/bankemployee"/>
    </target>
    <target name="wsimport-client-generate" depends="wsimport-client-BankCustomerService, wsimport-client-BankEmployeeService"/>
</project>
